,A_count,A_dp,A_pk,A_unmet_slevels,B_count,B_dp,B_pk,B_unmet_slevels,C_count,C_dp,C_pk,C_unmet_slevels,V1,V2,V3,V4,avg_pk_delay,avg_ride_delay,denied,distance_cruising,distance_loaded,distance_rebalancing,distance_total,seats_V1,seats_V2,seats_V3,seats_V4,serviced,total_requests,total_runtime,total_seats
IN-rebalancingSettings_BA-30_ST-86400_MR-1000_IF-1000_MC-4_CS-AA_RE,128059.0,123.11,123.11,16290.0,33926.0,300.81,156.82,17.0,33932.0,406.95,188.92,0.0,0.0,0.0,0.0,1000.0,123.85,173.97,7.68%,5.93%,31.93%,62.14%,1510919.0,0.0,0.0,0.0,4000.0,92.32%,212224.0,11.06,4000.0
IN-rebalancingSettings_BA-30_ST-86400_MR-1000_IF-1000_MC-4_CS-AA_RE_CT,127995.0,123.1,123.1,16357.0,33906.0,300.18,156.12,11.0,33955.0,406.66,188.62,0.0,0.0,0.0,0.0,1000.0,103.87,139.00,7.71%,14.21%,77.23%,8.55%,625295.0,0.0,0.0,0.0,4000.0,92.29%,212224.0,5.40,4000.0
IN-rebalancingSettings_BA-30_ST-86400_MR-1000_IF-1000_MC-4_CS-AA_RE_CT_MO,123299.0,125.9,125.9,20983.0,33940.0,313.95,160.17,12.0,33990.0,433.38,202.34,0.0,0.0,0.0,0.0,1000.0,114.07,152.31,9.89%,12.73%,83.88%,3.39%,551292.0,0.0,0.0,0.0,4000.0,90.11%,212224.0,3.51,4000.0
IN-rebalancingSettings_BA-30_ST-86400_MR-1000_IF-1000_MC-4_CS-AA_RE_CT_MO_RT,126105.0,125.29,125.29,18226.0,33966.0,309.25,159.11,14.0,33913.0,421.75,195.85,0.0,0.0,0.0,0.0,1000.0,114.64,152.98,8.59%,13.27%,82.71%,4.03%,572702.0,0.0,0.0,0.0,4000.0,91.41%,212224.0,2.96,4000.0
IN-rebalancingSettings_BA-30_ST-86400_MR-1000_IF-1000_MC-4_CS-AA_RE_CT_MO_RT_UR,125217.0,125.48,125.48,19081.0,33963.0,311.21,159.54,13.0,33949.0,428.37,199.38,1.0,0.0,0.0,0.0,1000.0,114.20,152.48,9.00%,13.10%,83.13%,3.77%,566001.0,0.0,0.0,0.0,4000.0,91.00%,212224.0,3.23,4000.0
IN-rebalancingSettings_BA-30_ST-86400_MR-1000_IF-1000_MC-4_CS-AA_RE_CT_MO_UR,123001.0,125.84,125.84,21311.0,33961.0,313.9,160.03,12.0,33939.0,432.57,203.54,0.0,0.0,0.0,0.0,1000.0,114.60,153.02,10.05%,12.74%,83.96%,3.30%,549195.0,0.0,0.0,0.0,4000.0,89.95%,212224.0,3.68,4000.0
IN-rebalancingSettings_BA-30_ST-86400_MR-1000_IF-1000_MC-4_CS-AA_RE_CT_RT,127957.0,122.93,122.93,16375.0,33942.0,301.04,156.49,11.0,33939.0,405.9,189.49,0.0,0.0,0.0,0.0,1000.0,103.00,137.47,7.72%,14.31%,77.11%,8.57%,625826.0,0.0,0.0,0.0,4000.0,92.28%,212224.0,4.34,4000.0
IN-rebalancingSettings_BA-30_ST-86400_MR-1000_IF-1000_MC-4_CS-AA_RE_CT_RT_UR,127890.0,123.42,123.42,16414.0,33948.0,299.48,156.48,14.0,33958.0,407.18,189.57,0.0,0.0,0.0,0.0,1000.0,103.34,137.74,7.74%,14.29%,77.21%,8.50%,625286.0,0.0,0.0,0.0,4000.0,92.26%,212224.0,4.15,4000.0
IN-rebalancingSettings_BA-30_ST-86400_MR-1000_IF-1000_MC-4_CS-AA_RE_CT_UR,127957.0,123.07,123.07,16333.0,33968.0,299.77,156.15,9.0,33957.0,407.72,190.6,0.0,0.0,0.0,0.0,1000.0,104.03,139.39,7.70%,14.28%,77.20%,8.52%,624941.0,0.0,0.0,0.0,4000.0,92.30%,212224.0,12.57,4000.0
IN-rebalancingSettings_BA-30_ST-86400_MR-1000_IF-1000_MC-4_CS-AA_RE_MO,123522.0,126.03,126.03,20832.0,33942.0,316.14,160.51,19.0,33909.0,436.95,203.14,0.0,0.0,0.0,0.0,1000.0,115.55,155.11,9.82%,12.71%,84.00%,3.30%,551460.0,0.0,0.0,0.0,4000.0,90.18%,212224.0,3.55,4000.0
IN-rebalancingSettings_BA-30_ST-86400_MR-1000_IF-1000_MC-4_CS-AA_RE_MO_RT,127613.0,126.12,126.12,16706.0,33913.0,306.54,159.33,13.0,33979.0,418.78,193.78,0.0,0.0,0.0,0.0,1000.0,115.65,155.05,7.88%,13.80%,75.02%,11.18%,640765.0,0.0,0.0,0.0,4000.0,92.12%,212224.0,3.85,4000.0
IN-rebalancingSettings_BA-30_ST-86400_MR-1000_IF-1000_MC-4_CS-AA_RE_MO_RT_UR,127570.0,126.07,126.07,16750.0,33929.0,305.37,159.01,12.0,33963.0,413.1,191.69,0.0,0.0,0.0,0.0,1000.0,116.31,155.82,7.90%,13.19%,72.17%,14.63%,665591.0,0.0,0.0,0.0,4000.0,92.10%,212224.0,3.50,4000.0
IN-rebalancingSettings_BA-30_ST-86400_MR-1000_IF-1000_MC-4_CS-AA_RE_MO_UR,123269.0,125.99,125.99,21062.0,33939.0,315.81,160.94,10.0,33944.0,436.46,203.16,0.0,0.0,0.0,0.0,1000.0,115.10,154.22,9.93%,12.66%,84.04%,3.30%,549446.0,0.0,0.0,0.0,4000.0,90.07%,212224.0,3.64,4000.0
IN-rebalancingSettings_BA-30_ST-86400_MR-1000_IF-1000_MC-4_CS-AA_RE_RT,127914.0,123.31,123.31,16332.0,33939.0,300.93,157.25,12.0,34027.0,410.24,189.78,0.0,0.0,0.0,0.0,1000.0,124.59,175.55,7.70%,5.80%,30.95%,63.25%,1559224.0,0.0,0.0,0.0,4000.0,92.30%,212224.0,9.09,4000.0
IN-rebalancingSettings_BA-30_ST-86400_MR-1000_IF-1000_MC-4_CS-AA_RE_RT_UR,127998.0,123.13,123.13,16300.0,33960.0,301.21,156.67,8.0,33958.0,406.36,189.59,0.0,0.0,0.0,0.0,1000.0,123.98,174.19,7.68%,5.97%,31.92%,62.10%,1511251.0,0.0,0.0,0.0,4000.0,92.32%,212224.0,6.50,4000.0
IN-rebalancingSettings_BA-30_ST-86400_MR-1000_IF-1000_MC-4_CS-AA_RE_UR,128022.0,123.15,123.15,16304.0,33938.0,301.35,156.84,7.0,33953.0,407.32,188.85,0.0,0.0,0.0,0.0,1000.0,123.16,172.83,7.69%,6.22%,33.66%,60.12%,1434062.0,0.0,0.0,0.0,4000.0,92.31%,212224.0,8.99,4000.0
IN-rebalancingSettings_BA-30_ST-86400_MR-1000_IF-1000_MC-4_CS-A_RE,168698.0,125.41,125.41,43526.0,0.0,,,0.0,0.0,,,0.0,0.0,0.0,0.0,1000.0,114.93,114.93,20.51%,5.54%,24.05%,70.41%,1929898.0,0.0,0.0,0.0,4000.0,79.49%,212224.0,5.40,4000.0
IN-rebalancingSettings_BA-30_ST-86400_MR-1000_IF-1000_MC-4_CS-A_RE_CT,168825.0,125.41,125.41,43399.0,0.0,,,0.0,0.0,,,0.0,0.0,0.0,0.0,1000.0,95.35,95.35,20.45%,16.63%,73.39%,9.99%,633112.0,0.0,0.0,0.0,4000.0,79.55%,212224.0,3.02,4000.0
IN-rebalancingSettings_BA-30_ST-86400_MR-1000_IF-1000_MC-4_CS-A_RE_CT_MO,152658.0,128.67,128.67,59566.0,0.0,,,0.0,0.0,,,0.0,0.0,0.0,0.0,1000.0,105.54,105.54,28.07%,14.23%,82.01%,3.76%,507282.0,0.0,0.0,0.0,4000.0,71.93%,212224.0,2.99,4000.0
IN-rebalancingSettings_BA-30_ST-86400_MR-1000_IF-1000_MC-4_CS-A_RE_CT_MO_RT,162444.0,125.74,125.74,49780.0,0.0,,,0.0,0.0,,,0.0,0.0,0.0,0.0,1000.0,103.59,103.59,23.46%,15.32%,79.42%,5.26%,559340.0,0.0,0.0,0.0,4000.0,76.54%,212224.0,3.44,4000.0
IN-rebalancingSettings_BA-30_ST-86400_MR-1000_IF-1000_MC-4_CS-A_RE_CT_MO_RT_UR,160428.0,127.88,127.88,51796.0,0.0,,,0.0,0.0,,,0.0,0.0,0.0,0.0,1000.0,105.06,105.06,24.41%,15.25%,79.55%,5.20%,552418.0,0.0,0.0,0.0,4000.0,75.59%,212224.0,3.59,4000.0
IN-rebalancingSettings_BA-30_ST-86400_MR-1000_IF-1000_MC-4_CS-A_RE_CT_MO_UR,151843.0,129.06,129.06,60381.0,0.0,,,0.0,0.0,,,0.0,0.0,0.0,0.0,1000.0,107.01,107.01,28.45%,14.23%,82.14%,3.63%,503333.0,0.0,0.0,0.0,4000.0,71.55%,212224.0,3.21,4000.0
IN-rebalancingSettings_BA-30_ST-86400_MR-1000_IF-1000_MC-4_CS-A_RE_CT_RT,168933.0,125.4,125.4,43291.0,0.0,,,0.0,0.0,,,0.0,0.0,0.0,0.0,1000.0,95.43,95.43,20.40%,16.77%,73.21%,10.01%,634380.0,0.0,0.0,0.0,4000.0,79.60%,212224.0,3.31,4000.0
IN-rebalancingSettings_BA-30_ST-86400_MR-1000_IF-1000_MC-4_CS-A_RE_CT_RT_UR,168902.0,125.92,125.92,43322.0,0.0,,,0.0,0.0,,,0.0,0.0,0.0,0.0,1000.0,96.50,96.50,20.41%,16.69%,73.30%,10.01%,634199.0,0.0,0.0,0.0,4000.0,79.59%,212224.0,3.94,4000.0
IN-rebalancingSettings_BA-30_ST-86400_MR-1000_IF-1000_MC-4_CS-A_RE_CT_UR,169049.0,125.9,125.9,43175.0,0.0,,,0.0,0.0,,,0.0,0.0,0.0,0.0,1000.0,95.94,95.94,20.34%,16.60%,73.54%,9.86%,632629.0,0.0,0.0,0.0,4000.0,79.66%,212224.0,3.11,4000.0
IN-rebalancingSettings_BA-30_ST-86400_MR-1000_IF-1000_MC-4_CS-A_RE_MO,152658.0,128.52,128.52,59566.0,0.0,,,0.0,0.0,,,0.0,0.0,0.0,0.0,1000.0,105.51,105.51,28.07%,14.24%,82.01%,3.75%,507531.0,0.0,0.0,0.0,4000.0,71.93%,212224.0,3.03,4000.0
IN-rebalancingSettings_BA-30_ST-86400_MR-1000_IF-1000_MC-4_CS-A_RE_MO_RT,167750.0,128.61,128.61,44474.0,0.0,,,0.0,0.0,,,0.0,0.0,0.0,0.0,1000.0,108.12,108.12,20.96%,14.75%,65.32%,19.93%,706339.0,0.0,0.0,0.0,4000.0,79.04%,212224.0,3.39,4000.0
IN-rebalancingSettings_BA-30_ST-86400_MR-1000_IF-1000_MC-4_CS-A_RE_MO_RT_UR,167719.0,128.38,128.38,44505.0,0.0,,,0.0,0.0,,,0.0,0.0,0.0,0.0,1000.0,108.76,108.76,20.97%,14.44%,63.92%,21.64%,720731.0,0.0,0.0,0.0,4000.0,79.03%,212224.0,3.49,4000.0
IN-rebalancingSettings_BA-30_ST-86400_MR-1000_IF-1000_MC-4_CS-A_RE_MO_UR,151525.0,129.44,129.44,60699.0,0.0,,,0.0,0.0,,,0.0,0.0,0.0,0.0,1000.0,106.82,106.82,28.60%,14.26%,82.11%,3.63%,502434.0,0.0,0.0,0.0,4000.0,71.40%,212224.0,3.08,4000.0
IN-rebalancingSettings_BA-30_ST-86400_MR-1000_IF-1000_MC-4_CS-A_RE_RT,168352.0,125.61,125.61,43872.0,0.0,,,0.0,0.0,,,0.0,0.0,0.0,0.0,1000.0,115.66,115.66,20.67%,5.31%,22.80%,71.89%,2032080.0,0.0,0.0,0.0,4000.0,79.33%,212224.0,5.86,4000.0
IN-rebalancingSettings_BA-30_ST-86400_MR-1000_IF-1000_MC-4_CS-A_RE_RT_UR,168704.0,125.98,125.98,43520.0,0.0,,,0.0,0.0,,,0.0,0.0,0.0,0.0,1000.0,115.89,115.89,20.51%,5.48%,23.59%,70.93%,1969004.0,0.0,0.0,0.0,4000.0,79.49%,212224.0,6.79,4000.0
IN-rebalancingSettings_BA-30_ST-86400_MR-1000_IF-1000_MC-4_CS-A_RE_UR,168698.0,125.63,125.63,43526.0,0.0,,,0.0,0.0,,,0.0,0.0,0.0,0.0,1000.0,115.00,115.00,20.51%,5.69%,24.79%,69.51%,1871304.0,0.0,0.0,0.0,4000.0,79.49%,212224.0,6.59,4000.0
IN-rebalancingSettings_BA-30_ST-86400_MR-1000_IF-1000_MC-4_CS-BB_RE,31631.0,109.48,109.48,2361.0,144154.0,170.25,106.76,143.0,33935.0,204.74,132.84,0.0,0.0,0.0,0.0,1000.0,95.73,135.49,1.18%,7.39%,39.23%,53.38%,1218377.0,0.0,0.0,0.0,4000.0,98.82%,212224.0,5.29,4000.0
IN-rebalancingSettings_BA-30_ST-86400_MR-1000_IF-1000_MC-4_CS-BB_RE_CT,31677.0,109.01,109.01,2329.0,144164.0,169.39,106.03,135.0,33919.0,204.79,132.61,0.0,0.0,0.0,0.0,1000.0,82.01,108.98,1.16%,13.96%,75.96%,10.08%,630660.0,0.0,0.0,0.0,4000.0,98.84%,212224.0,4.24,4000.0
IN-rebalancingSettings_BA-30_ST-86400_MR-1000_IF-1000_MC-4_CS-BB_RE_CT_MO,28761.0,112.76,112.76,5207.0,143688.0,198.92,118.61,594.0,33974.0,250.32,158.97,0.0,0.0,0.0,0.0,1000.0,94.68,127.72,2.73%,10.97%,85.47%,3.56%,530606.0,0.0,0.0,0.0,4000.0,97.27%,212224.0,3.58,4000.0
IN-rebalancingSettings_BA-30_ST-86400_MR-1000_IF-1000_MC-4_CS-BB_RE_CT_MO_RT,29755.0,112.54,112.54,4208.0,143962.0,192.4,115.72,329.0,33970.0,239.38,151.76,0.0,0.0,0.0,0.0,1000.0,93.69,125.55,2.14%,11.45%,84.58%,3.97%,543811.0,0.0,0.0,0.0,4000.0,97.86%,212224.0,3.79,4000.0
IN-rebalancingSettings_BA-30_ST-86400_MR-1000_IF-1000_MC-4_CS-BB_RE_CT_MO_RT_UR,29285.0,112.84,112.84,4692.0,143923.0,194.72,116.78,388.0,33936.0,246.25,156.41,0.0,0.0,0.0,0.0,1000.0,94.34,127.10,2.39%,11.26%,84.91%,3.83%,538666.0,0.0,0.0,0.0,4000.0,97.61%,212224.0,3.60,4000.0
IN-rebalancingSettings_BA-30_ST-86400_MR-1000_IF-1000_MC-4_CS-BB_RE_CT_MO_UR,28668.0,113.02,113.02,5255.0,143741.0,199.02,118.75,577.0,33983.0,249.5,159.4,0.0,0.0,0.0,0.0,1000.0,95.28,127.94,2.75%,10.97%,85.51%,3.52%,530771.0,0.0,0.0,0.0,4000.0,97.25%,212224.0,3.40,4000.0
IN-rebalancingSettings_BA-30_ST-86400_MR-1000_IF-1000_MC-4_CS-BB_RE_CT_RT,31539.0,109.25,109.25,2365.0,144235.0,170.41,106.62,149.0,33936.0,204.63,133.32,0.0,0.0,0.0,0.0,1000.0,82.06,109.23,1.18%,14.06%,75.82%,10.12%,631346.0,0.0,0.0,0.0,4000.0,98.82%,212224.0,3.53,4000.0
IN-rebalancingSettings_BA-30_ST-86400_MR-1000_IF-1000_MC-4_CS-BB_RE_CT_RT_UR,31585.0,109.36,109.36,2382.0,144182.0,170.11,106.68,138.0,33937.0,205.95,132.96,0.0,0.0,0.0,0.0,1000.0,82.29,109.53,1.19%,14.13%,75.65%,10.22%,631932.0,0.0,0.0,0.0,4000.0,98.81%,212224.0,3.73,4000.0
IN-rebalancingSettings_BA-30_ST-86400_MR-1000_IF-1000_MC-4_CS-BB_RE_CT_UR,31523.0,109.14,109.14,2386.0,144235.0,170.73,106.86,131.0,33949.0,205.06,133.37,0.0,0.0,0.0,0.0,1000.0,82.41,109.53,1.19%,14.02%,75.88%,10.10%,630559.0,0.0,0.0,0.0,4000.0,98.81%,212224.0,4.45,4000.0
IN-rebalancingSettings_BA-30_ST-86400_MR-1000_IF-1000_MC-4_CS-BB_RE_MO,28713.0,112.79,112.79,5274.0,143756.0,199.24,119.32,557.0,33924.0,254.16,160.37,0.0,0.0,0.0,0.0,1000.0,95.39,128.31,2.75%,11.01%,85.51%,3.48%,531001.0,0.0,0.0,0.0,4000.0,97.25%,212224.0,3.45,4000.0
IN-rebalancingSettings_BA-30_ST-86400_MR-1000_IF-1000_MC-4_CS-BB_RE_MO_RT,30589.0,110.8,110.8,3396.0,143993.0,182.75,111.83,265.0,33981.0,225.24,144.38,0.0,0.0,0.0,0.0,1000.0,92.38,122.56,1.73%,12.19%,83.23%,4.58%,560880.0,0.0,0.0,0.0,4000.0,98.27%,212224.0,3.51,4000.0
IN-rebalancingSettings_BA-30_ST-86400_MR-1000_IF-1000_MC-4_CS-BB_RE_MO_RT_UR,29262.0,112.86,112.86,4713.0,143820.0,195.93,117.23,476.0,33953.0,246.71,156.86,0.0,0.0,0.0,0.0,1000.0,94.83,127.43,2.45%,11.63%,84.06%,4.32%,543331.0,0.0,0.0,0.0,4000.0,97.55%,212224.0,4.05,4000.0
IN-rebalancingSettings_BA-30_ST-86400_MR-1000_IF-1000_MC-4_CS-BB_RE_MO_UR,28784.0,112.66,112.66,5179.0,143730.0,198.11,118.54,569.0,33962.0,251.57,160.11,0.0,0.0,0.0,0.0,1000.0,94.37,126.78,2.71%,10.97%,85.42%,3.61%,532700.0,0.0,0.0,0.0,4000.0,97.29%,212224.0,3.42,4000.0
IN-rebalancingSettings_BA-30_ST-86400_MR-1000_IF-1000_MC-4_CS-BB_RE_RT,31644.0,109.74,109.74,2370.0,144135.0,170.77,106.78,150.0,33925.0,205.63,133.39,0.0,0.0,0.0,0.0,1000.0,96.11,136.61,1.19%,7.22%,38.05%,54.73%,1256614.0,0.0,0.0,0.0,4000.0,98.81%,212224.0,5.18,4000.0
IN-rebalancingSettings_BA-30_ST-86400_MR-1000_IF-1000_MC-4_CS-BB_RE_RT_UR,31584.0,110.3,110.3,2323.0,144211.0,170.95,107.16,144.0,33962.0,205.92,134.14,0.0,0.0,0.0,0.0,1000.0,96.89,137.62,1.16%,7.00%,37.08%,55.91%,1286938.0,0.0,0.0,0.0,4000.0,98.84%,212224.0,5.05,4000.0
IN-rebalancingSettings_BA-30_ST-86400_MR-1000_IF-1000_MC-4_CS-BB_RE_UR,31588.0,109.95,109.95,2303.0,144229.0,170.46,106.94,141.0,33963.0,205.21,132.97,0.0,0.0,0.0,0.0,1000.0,95.95,135.96,1.15%,7.47%,39.52%,53.01%,1209804.0,0.0,0.0,0.0,4000.0,98.85%,212224.0,4.90,4000.0
IN-rebalancingSettings_BA-30_ST-86400_MR-1000_IF-1000_MC-4_CS-B_RE,0.0,,,0.0,211723.0,160.06,106.58,501.0,0.0,,,0.0,0.0,0.0,0.0,1000.0,90.30,127.83,0.24%,7.60%,40.29%,52.11%,1183044.0,0.0,0.0,0.0,4000.0,99.76%,212224.0,4.75,4000.0
IN-rebalancingSettings_BA-30_ST-86400_MR-1000_IF-1000_MC-4_CS-B_RE_CT,0.0,,,0.0,211707.0,159.56,106.17,517.0,0.0,,,0.0,0.0,0.0,0.0,1000.0,77.60,102.91,0.24%,13.86%,75.36%,10.78%,633421.0,0.0,0.0,0.0,4000.0,99.76%,212224.0,3.37,4000.0
IN-rebalancingSettings_BA-30_ST-86400_MR-1000_IF-1000_MC-4_CS-B_RE_CT_MO,0.0,,,0.0,204803.0,198.53,123.56,7421.0,0.0,,,0.0,0.0,0.0,0.0,1000.0,91.01,123.34,3.50%,10.06%,86.23%,3.71%,512509.0,0.0,0.0,0.0,4000.0,96.50%,212224.0,3.80,4000.0
IN-rebalancingSettings_BA-30_ST-86400_MR-1000_IF-1000_MC-4_CS-B_RE_CT_MO_RT,0.0,,,0.0,205797.0,199.17,123.92,6427.0,0.0,,,0.0,0.0,0.0,0.0,1000.0,90.35,122.61,3.03%,10.25%,85.75%,4.00%,518600.0,0.0,0.0,0.0,4000.0,96.97%,212224.0,3.88,4000.0
IN-rebalancingSettings_BA-30_ST-86400_MR-1000_IF-1000_MC-4_CS-B_RE_CT_MO_RT_UR,0.0,,,0.0,205241.0,198.69,123.82,6983.0,0.0,,,0.0,0.0,0.0,0.0,1000.0,91.10,123.44,3.29%,10.20%,85.90%,3.90%,516249.0,0.0,0.0,0.0,4000.0,96.71%,212224.0,3.65,4000.0
IN-rebalancingSettings_BA-30_ST-86400_MR-1000_IF-1000_MC-4_CS-B_RE_CT_MO_UR,0.0,,,0.0,205060.0,199.1,123.63,7164.0,0.0,,,0.0,0.0,0.0,0.0,1000.0,90.32,122.69,3.38%,9.96%,86.33%,3.71%,511634.0,0.0,0.0,0.0,4000.0,96.62%,212224.0,3.26,4000.0
IN-rebalancingSettings_BA-30_ST-86400_MR-1000_IF-1000_MC-4_CS-B_RE_CT_RT,0.0,,,0.0,211712.0,159.11,105.9,512.0,0.0,,,0.0,0.0,0.0,0.0,1000.0,77.27,102.40,0.24%,14.00%,75.17%,10.83%,634795.0,0.0,0.0,0.0,4000.0,99.76%,212224.0,3.22,4000.0
IN-rebalancingSettings_BA-30_ST-86400_MR-1000_IF-1000_MC-4_CS-B_RE_CT_RT_UR,0.0,,,0.0,211719.0,159.5,106.0,505.0,0.0,,,0.0,0.0,0.0,0.0,1000.0,77.17,102.28,0.24%,14.00%,75.14%,10.86%,634990.0,0.0,0.0,0.0,4000.0,99.76%,212224.0,2.85,4000.0
IN-rebalancingSettings_BA-30_ST-86400_MR-1000_IF-1000_MC-4_CS-B_RE_CT_UR,0.0,,,0.0,211698.0,160.03,106.33,526.0,0.0,,,0.0,0.0,0.0,0.0,1000.0,77.36,102.57,0.25%,13.90%,75.35%,10.75%,633570.0,0.0,0.0,0.0,4000.0,99.75%,212224.0,3.84,4000.0
IN-rebalancingSettings_BA-30_ST-86400_MR-1000_IF-1000_MC-4_CS-B_RE_MO,0.0,,,0.0,204812.0,198.28,123.57,7412.0,0.0,,,0.0,0.0,0.0,0.0,1000.0,90.58,122.69,3.49%,10.02%,86.16%,3.82%,513172.0,0.0,0.0,0.0,4000.0,96.51%,212224.0,4.80,4000.0
IN-rebalancingSettings_BA-30_ST-86400_MR-1000_IF-1000_MC-4_CS-B_RE_MO_RT,0.0,,,0.0,205549.0,198.93,123.68,6675.0,0.0,,,0.0,0.0,0.0,0.0,1000.0,89.85,121.81,3.15%,10.20%,85.71%,4.09%,518386.0,0.0,0.0,0.0,4000.0,96.85%,212224.0,3.37,4000.0
IN-rebalancingSettings_BA-30_ST-86400_MR-1000_IF-1000_MC-4_CS-B_RE_MO_RT_UR,0.0,,,0.0,204670.0,198.92,123.67,7554.0,0.0,,,0.0,0.0,0.0,0.0,1000.0,90.64,123.26,3.56%,10.10%,85.92%,3.97%,513126.0,0.0,0.0,0.0,4000.0,96.44%,212224.0,3.64,4000.0
IN-rebalancingSettings_BA-30_ST-86400_MR-1000_IF-1000_MC-4_CS-B_RE_MO_UR,0.0,,,0.0,204560.0,199.03,123.9,7664.0,0.0,,,0.0,0.0,0.0,0.0,1000.0,90.66,122.78,3.61%,9.95%,86.34%,3.70%,510211.0,0.0,0.0,0.0,4000.0,96.39%,212224.0,4.31,4000.0
IN-rebalancingSettings_BA-30_ST-86400_MR-1000_IF-1000_MC-4_CS-B_RE_RT,0.0,,,0.0,211694.0,160.24,106.53,530.0,0.0,,,0.0,0.0,0.0,0.0,1000.0,90.85,129.01,0.25%,7.47%,39.30%,53.23%,1212963.0,0.0,0.0,0.0,4000.0,99.75%,212224.0,4.03,4000.0
IN-rebalancingSettings_BA-30_ST-86400_MR-1000_IF-1000_MC-4_CS-B_RE_RT_UR,0.0,,,0.0,211726.0,160.88,106.77,498.0,0.0,,,0.0,0.0,0.0,0.0,1000.0,91.21,129.87,0.23%,7.36%,38.45%,54.19%,1237963.0,0.0,0.0,0.0,4000.0,99.77%,212224.0,4.31,4000.0
IN-rebalancingSettings_BA-30_ST-86400_MR-1000_IF-1000_MC-4_CS-B_RE_UR,0.0,,,0.0,211728.0,160.48,106.69,496.0,0.0,,,0.0,0.0,0.0,0.0,1000.0,90.20,127.87,0.23%,7.70%,40.74%,51.56%,1170595.0,0.0,0.0,0.0,4000.0,99.77%,212224.0,4.71,4000.0
IN-rebalancingSettings_BA-30_ST-86400_MR-1000_IF-1000_MC-4_CS-CC_RE,32286.0,109.85,109.85,1679.0,33876.0,178.78,114.06,39.0,144343.0,189.08,116.57,1.0,0.0,0.0,0.0,1000.0,98.01,140.95,0.81%,7.39%,39.85%,52.77%,1203430.0,0.0,0.0,0.0,4000.0,99.19%,212224.0,5.77,4000.0
IN-rebalancingSettings_BA-30_ST-86400_MR-1000_IF-1000_MC-4_CS-CC_RE_CT,32314.0,109.38,109.38,1614.0,33919.0,177.95,113.83,29.0,144347.0,188.12,115.85,1.0,0.0,0.0,0.0,1000.0,83.30,111.75,0.77%,13.84%,76.43%,9.73%,628658.0,0.0,0.0,0.0,4000.0,99.23%,212224.0,4.16,4000.0
IN-rebalancingSettings_BA-30_ST-86400_MR-1000_IF-1000_MC-4_CS-CC_RE_CT_MO,31033.0,113.99,113.99,2914.0,33866.0,199.2,123.09,68.0,144343.0,217.24,129.7,0.0,0.0,0.0,0.0,1000.0,96.66,130.94,1.41%,11.37%,85.17%,3.46%,543858.0,0.0,0.0,0.0,4000.0,98.59%,212224.0,3.24,4000.0
IN-rebalancingSettings_BA-30_ST-86400_MR-1000_IF-1000_MC-4_CS-CC_RE_CT_MO_RT,31552.0,112.84,112.84,2397.0,33886.0,194.07,120.9,67.0,144321.0,210.04,126.24,1.0,0.0,0.0,0.0,1000.0,94.71,127.41,1.16%,11.72%,84.59%,3.68%,552849.0,0.0,0.0,0.0,4000.0,98.84%,212224.0,5.11,4000.0
IN-rebalancingSettings_BA-30_ST-86400_MR-1000_IF-1000_MC-4_CS-CC_RE_CT_MO_RT_UR,31318.0,112.97,112.97,2609.0,33865.0,196.67,122.12,70.0,144361.0,214.78,128.47,1.0,0.0,0.0,0.0,1000.0,94.90,128.34,1.26%,11.50%,84.86%,3.64%,548410.0,0.0,0.0,0.0,4000.0,98.74%,212224.0,4.52,4000.0
IN-rebalancingSettings_BA-30_ST-86400_MR-1000_IF-1000_MC-4_CS-CC_RE_CT_MO_UR,31141.0,113.52,113.52,2773.0,33905.0,199.51,122.85,63.0,144341.0,217.12,129.43,1.0,0.0,0.0,0.0,1000.0,95.40,129.18,1.34%,11.33%,85.22%,3.44%,544458.0,0.0,0.0,0.0,4000.0,98.66%,212224.0,4.38,4000.0
IN-rebalancingSettings_BA-30_ST-86400_MR-1000_IF-1000_MC-4_CS-CC_RE_CT_RT,32321.0,109.57,109.57,1620.0,33917.0,177.83,114.59,36.0,144329.0,189.15,116.37,1.0,0.0,0.0,0.0,1000.0,84.01,113.00,0.78%,13.96%,76.16%,9.88%,630025.0,0.0,0.0,0.0,4000.0,99.22%,212224.0,3.97,4000.0
IN-rebalancingSettings_BA-30_ST-86400_MR-1000_IF-1000_MC-4_CS-CC_RE_CT_RT_UR,32311.0,109.98,109.98,1631.0,33972.0,178.68,114.76,29.0,144280.0,188.45,115.95,1.0,0.0,0.0,0.0,1000.0,82.82,111.07,0.78%,13.96%,76.26%,9.78%,629799.0,0.0,0.0,0.0,4000.0,99.22%,212224.0,4.32,4000.0
IN-rebalancingSettings_BA-30_ST-86400_MR-1000_IF-1000_MC-4_CS-CC_RE_CT_UR,32288.0,109.75,109.75,1645.0,33961.0,178.46,114.29,30.0,144299.0,188.4,116.06,1.0,0.0,0.0,0.0,1000.0,83.07,111.31,0.79%,13.86%,76.43%,9.71%,628455.0,0.0,0.0,0.0,4000.0,99.21%,212224.0,4.19,4000.0
IN-rebalancingSettings_BA-30_ST-86400_MR-1000_IF-1000_MC-4_CS-CC_RE_MO,31073.0,113.41,113.41,2920.0,33855.0,199.05,122.98,69.0,144307.0,217.66,129.74,0.0,0.0,0.0,0.0,1000.0,95.22,128.94,1.41%,11.31%,85.30%,3.38%,543486.0,0.0,0.0,0.0,4000.0,98.59%,212224.0,3.91,4000.0
IN-rebalancingSettings_BA-30_ST-86400_MR-1000_IF-1000_MC-4_CS-CC_RE_MO_RT,31374.0,113.37,113.37,2542.0,33920.0,197.88,123.03,52.0,144335.0,214.18,127.88,1.0,0.0,0.0,0.0,1000.0,94.82,128.56,1.22%,11.70%,84.26%,4.03%,552912.0,0.0,0.0,0.0,4000.0,98.78%,212224.0,4.16,4000.0
IN-rebalancingSettings_BA-30_ST-86400_MR-1000_IF-1000_MC-4_CS-CC_RE_MO_RT_UR,31236.0,113.79,113.79,2739.0,33846.0,197.67,122.49,68.0,144334.0,215.66,128.73,1.0,0.0,0.0,0.0,1000.0,95.39,129.20,1.32%,11.48%,84.82%,3.71%,547560.0,0.0,0.0,0.0,4000.0,98.68%,212224.0,3.87,4000.0
IN-rebalancingSettings_BA-30_ST-86400_MR-1000_IF-1000_MC-4_CS-CC_RE_MO_UR,31078.0,113.78,113.78,2871.0,33923.0,200.22,123.56,74.0,144276.0,218.23,130.32,2.0,0.0,0.0,0.0,1000.0,95.73,129.68,1.39%,11.34%,85.18%,3.48%,544034.0,0.0,0.0,0.0,4000.0,98.61%,212224.0,3.37,4000.0
IN-rebalancingSettings_BA-30_ST-86400_MR-1000_IF-1000_MC-4_CS-CC_RE_RT,32252.0,110.14,110.14,1682.0,33945.0,179.44,114.79,35.0,144308.0,190.22,117.27,2.0,0.0,0.0,0.0,1000.0,98.59,142.06,0.81%,7.10%,38.24%,54.66%,1254942.0,0.0,0.0,0.0,4000.0,99.19%,212224.0,5.27,4000.0
IN-rebalancingSettings_BA-30_ST-86400_MR-1000_IF-1000_MC-4_CS-CC_RE_RT_UR,32274.0,110.67,110.67,1650.0,33934.0,179.73,114.7,33.0,144332.0,189.55,116.87,1.0,0.0,0.0,0.0,1000.0,98.95,142.75,0.79%,6.92%,37.56%,55.53%,1276791.0,0.0,0.0,0.0,4000.0,99.21%,212224.0,5.16,4000.0
IN-rebalancingSettings_BA-30_ST-86400_MR-1000_IF-1000_MC-4_CS-CC_RE_UR,32339.0,110.44,110.44,1638.0,33919.0,179.12,114.82,30.0,144297.0,189.2,116.98,1.0,0.0,0.0,0.0,1000.0,97.94,140.41,0.79%,7.39%,39.88%,52.72%,1202398.0,0.0,0.0,0.0,4000.0,99.21%,212224.0,5.82,4000.0
IN-rebalancingSettings_BA-30_ST-86400_MR-1000_IF-1000_MC-4_CS-C_RE,0.0,,,0.0,0.0,,,0.0,212223.0,159.56,107.18,1.0,0.0,0.0,0.0,1000.0,90.85,127.59,0.00%,7.89%,41.17%,50.94%,1156131.0,0.0,0.0,0.0,4000.0,100.00%,212224.0,5.43,4000.0
IN-rebalancingSettings_BA-30_ST-86400_MR-1000_IF-1000_MC-4_CS-C_RE_CT,0.0,,,0.0,0.0,,,0.0,212223.0,159.08,106.67,1.0,0.0,0.0,0.0,1000.0,77.67,102.61,0.00%,14.04%,75.58%,10.38%,630745.0,0.0,0.0,0.0,4000.0,100.00%,212224.0,4.13,4000.0
IN-rebalancingSettings_BA-30_ST-86400_MR-1000_IF-1000_MC-4_CS-C_RE_CT_MO,0.0,,,0.0,0.0,,,0.0,212223.0,192.84,123.98,1.0,0.0,0.0,0.0,1000.0,91.31,122.46,0.00%,11.04%,85.42%,3.54%,538371.0,0.0,0.0,0.0,4000.0,100.00%,212224.0,3.37,4000.0
IN-rebalancingSettings_BA-30_ST-86400_MR-1000_IF-1000_MC-4_CS-C_RE_CT_MO_RT,0.0,,,0.0,0.0,,,0.0,212224.0,190.78,122.82,0.0,0.0,0.0,0.0,1000.0,90.40,120.94,0.00%,11.16%,85.05%,3.79%,540549.0,0.0,0.0,0.0,4000.0,100.00%,212224.0,3.11,4000.0
IN-rebalancingSettings_BA-30_ST-86400_MR-1000_IF-1000_MC-4_CS-C_RE_CT_MO_RT_UR,0.0,,,0.0,0.0,,,0.0,212223.0,191.19,123.07,1.0,0.0,0.0,0.0,1000.0,90.92,121.62,0.00%,11.14%,85.22%,3.64%,538995.0,0.0,0.0,0.0,4000.0,100.00%,212224.0,3.09,4000.0
IN-rebalancingSettings_BA-30_ST-86400_MR-1000_IF-1000_MC-4_CS-C_RE_CT_MO_UR,0.0,,,0.0,0.0,,,0.0,212223.0,191.94,123.39,1.0,0.0,0.0,0.0,1000.0,90.72,121.41,0.00%,11.08%,85.44%,3.48%,538109.0,0.0,0.0,0.0,4000.0,100.00%,212224.0,3.23,4000.0
IN-rebalancingSettings_BA-30_ST-86400_MR-1000_IF-1000_MC-4_CS-C_RE_CT_RT,0.0,,,0.0,0.0,,,0.0,212223.0,158.56,106.62,1.0,0.0,0.0,0.0,1000.0,77.69,102.41,0.00%,14.17%,75.41%,10.41%,631621.0,0.0,0.0,0.0,4000.0,100.00%,212224.0,3.53,4000.0
IN-rebalancingSettings_BA-30_ST-86400_MR-1000_IF-1000_MC-4_CS-C_RE_CT_RT_UR,0.0,,,0.0,0.0,,,0.0,212223.0,159.06,106.64,1.0,0.0,0.0,0.0,1000.0,77.83,102.81,0.00%,14.12%,75.45%,10.43%,631817.0,0.0,0.0,0.0,4000.0,100.00%,212224.0,3.49,4000.0
IN-rebalancingSettings_BA-30_ST-86400_MR-1000_IF-1000_MC-4_CS-C_RE_CT_UR,0.0,,,0.0,0.0,,,0.0,212223.0,159.43,106.86,1.0,0.0,0.0,0.0,1000.0,77.66,102.63,0.00%,14.05%,75.61%,10.34%,630668.0,0.0,0.0,0.0,4000.0,100.00%,212224.0,3.71,4000.0
IN-rebalancingSettings_BA-30_ST-86400_MR-1000_IF-1000_MC-4_CS-C_RE_MO,0.0,,,0.0,0.0,,,0.0,212223.0,192.33,123.74,1.0,0.0,0.0,0.0,1000.0,90.67,121.72,0.00%,11.02%,85.38%,3.60%,538451.0,0.0,0.0,0.0,4000.0,100.00%,212224.0,3.54,4000.0
IN-rebalancingSettings_BA-30_ST-86400_MR-1000_IF-1000_MC-4_CS-C_RE_MO_RT,0.0,,,0.0,0.0,,,0.0,212223.0,191.5,123.32,1.0,0.0,0.0,0.0,1000.0,90.26,120.70,0.00%,11.13%,85.19%,3.68%,539824.0,0.0,0.0,0.0,4000.0,100.00%,212224.0,3.13,4000.0
IN-rebalancingSettings_BA-30_ST-86400_MR-1000_IF-1000_MC-4_CS-C_RE_MO_RT_UR,0.0,,,0.0,0.0,,,0.0,212223.0,192.39,123.78,1.0,0.0,0.0,0.0,1000.0,91.27,122.60,0.00%,11.15%,85.22%,3.63%,539551.0,0.0,0.0,0.0,4000.0,100.00%,212224.0,3.08,4000.0
IN-rebalancingSettings_BA-30_ST-86400_MR-1000_IF-1000_MC-4_CS-C_RE_MO_UR,0.0,,,0.0,0.0,,,0.0,212222.0,192.5,123.91,2.0,0.0,0.0,0.0,1000.0,91.48,122.81,0.00%,11.11%,85.43%,3.45%,537025.0,0.0,0.0,0.0,4000.0,100.00%,212224.0,3.43,4000.0
IN-rebalancingSettings_BA-30_ST-86400_MR-1000_IF-1000_MC-4_CS-C_RE_RT,0.0,,,0.0,0.0,,,0.0,212223.0,159.49,107.02,1.0,0.0,0.0,0.0,1000.0,91.34,128.76,0.00%,7.64%,39.91%,52.46%,1192742.0,0.0,0.0,0.0,4000.0,100.00%,212224.0,4.41,4000.0
IN-rebalancingSettings_BA-30_ST-86400_MR-1000_IF-1000_MC-4_CS-C_RE_RT_UR,0.0,,,0.0,0.0,,,0.0,212223.0,160.03,107.38,1.0,0.0,0.0,0.0,1000.0,91.02,128.26,0.00%,7.65%,40.16%,52.18%,1185638.0,0.0,0.0,0.0,4000.0,100.00%,212224.0,4.49,4000.0
IN-rebalancingSettings_BA-30_ST-86400_MR-1000_IF-1000_MC-4_CS-C_RE_UR,0.0,,,0.0,0.0,,,0.0,212223.0,159.7,107.19,1.0,0.0,0.0,0.0,1000.0,90.48,127.33,0.00%,7.76%,40.79%,51.45%,1166991.0,0.0,0.0,0.0,4000.0,100.00%,212224.0,4.93,4000.0
